mobility,week_,week_f,religiosity_c,age_c,black_c,unemployment_c,density_c,mobility_lag_1_c,SAH_days.y,republican_governor,state
4.088358208955224,2020-02-24,02/24,2.1004617017268004,0.49791666666666856,0.15696013274534054,-0.795833333333333,-108.42213814583334,1.2181063661913718,0,1,Alabama
3.58,2020-02-24,02/24,-0.18969952399100487,-1.0020833333333314,-0.06492841733237306,1.1041666666666665,-143.31822814583336,-1.1773844629293961,0,1,Arizona
3.9793333333333334,2020-02-24,02/24,1.3841457010495044,-0.5020833333333314,0.045264442655427534,0.10416666666666696,-146.99891814583333,0.7802765546349006,0,1,Arkansas
3.6340689655172413,2020-02-24,02/24,-0.6312716750302283,-2.102083333333333,-0.050941859080305955,0.4041666666666668,46.81217185416665,-0.9251221966312326,0,0,California
3.506984375,2020-02-24,02/24,-0.6457904466837162,-1.8020833333333286,-0.06766159348925155,-0.9958333333333331,-151.10414814583334,-1.434807510445985,0,0,Colorado
3.932875,2020-02-24,02/24,-1.0174674394875816,2.397916666666667,-0.003256129259642457,0.20416666666666705,535.0961718541666,0.5056469783371872,0,0,Connecticut
3.964,2020-02-24,02/24,-0.4806759258807145,1.7979166666666728,0.11218492080206455,0.4041666666666668,282.88597185416666,0.6640413970921009,0,0,Delaware
3.9594179104477614,2020-02-24,02/24,-0.002005235000865864,3.4979166666666686,0.05213213572927056,-0.4958333333333331,179.47217185416667,0.6331865787582238,0,1,Florida
4.115452830188679,2020-02-24,02/24,1.0330130077336142,-1.90208333333333,0.20570045118582053,-0.29583333333333295,-26.05512814583335,1.3344857766103824,0,1,Georgia
3.5603636363636366,2020-02-24,02/24,-0.273937410053075,-2.3020833333333286,-0.10203663892208255,-0.5958333333333332,-184.05125814583334,-1.2584406125465952,0,1,Idaho
3.9550392156862744,2020-02-24,02/24,-0.3113082421712841,-0.5020833333333314,0.03339929291286456,0.20416666666666705,26.486171854166656,0.6563626395685608,0,1,Illinois
3.9804021739130433,2020-02-24,02/24,-0.002786459151207725,-0.8020833333333286,-0.015541380130143348,-0.29583333333333295,-19.206028145833358,0.8133884519495111,0,1,Indiana
3.894858585858586,2020-02-24,02/24,-0.08245032633408095,-0.3020833333333286,-0.07378421386875086,-0.795833333333333,-148.38995814583336,0.3708656000555155,0,1,Iowa
3.709361904761905,2020-02-24,02/24,0.021307393321853295,-1.90208333333333,-0.05049612263627436,-0.29583333333333295,-168.89627814583335,-0.44226463980174313,0,1,Kansas
4.025225,2020-02-24,02/24,0.9644981238209951,0.2979166666666728,-0.029120244818256452,0.8041666666666667,-92.03592814583334,0.9686514866385736,0,1,Kentucky
4.026140625,2020-02-24,02/24,1.3060875345996494,-1.8020833333333286,0.21339256169083154,1.4041666666666672,-96.52932814583335,1.0032822803736303,0,0,Louisiana
3.9354375,2020-02-24,02/24,-1.7340922303993163,6.197916666666671,-0.09545554993634366,-0.5958333333333332,-161.26319814583334,0.6163529329322726,0,1,Maine
3.8232916666666665,2020-02-24,02/24,-0.2904447780939467,0.1979166666666714,0.18897294850817153,0.004166666666666874,413.7427718541667,-0.005071595959655931,0,1,Maryland
3.765785714285714,2020-02-24,02/24,-1.8635993464230538,0.9979166666666686,-0.03412137839153165,-0.6958333333333333,671.0525718541667,-0.2608517865759605,0,1,Massachusetts
3.851566265060241,2020-02-24,02/24,-0.23019421926020478,1.2979166666666728,0.029258081101481537,0.4041666666666668,-28.555428145833332,0.20269989825956375,0,1,Michigan
3.8522528735632187,2020-02-24,02/24,-0.545997447536084,-0.5020833333333314,-0.046963839298059355,-0.1958333333333333,-135.05664814583335,0.1315088049593076,0,0,Minnesota
4.093390243902439,2020-02-24,02/24,2.004362122964306,-1.2020833333333272,0.2678175417587845,2.204166666666667,-140.78043814583333,1.2692337944717476,0,1,Mississippi
3.9593684210526314,2020-02-24,02/24,0.4818206088233847,0.09791666666666998,0.0068737557383245496,-0.1958333333333333,-115.88549814583334,0.6780162460244927,0,1,Missouri
3.182839285714286,2020-02-24,02/24,-0.475049079019363,1.3979166666666671,-0.1044270142850916,-0.09583333333333321,-197.31622714583335,-3.1150887151210673,0,0,Montana
3.764301075268817,2020-02-24,02/24,0.05922572806210643,-2.0020833333333314,-0.061169987823171755,-0.39583333333333304,-179.67774814583333,-0.12141286768806936,0,1,Nebraska
3.6113125,2020-02-24,02/24,-0.6671416518864843,-0.5020833333333314,-0.019533016839696757,0.3041666666666667,-177.84907814583335,-1.0407857647818293,0,1,Nevada
3.943,2020-02-24,02/24,-1.8485311187715099,4.297916666666673,-0.09360236011675506,-0.895833333333333,-54.40662814583334,0.5472938952959503,0,1,New Hampshire
3.8715714285714284,2020-02-24,02/24,-0.33933588777863233,1.3979166666666671,0.025871189663571548,0.004166666666666874,1003.2163718541667,0.21443229912091555,0,0,New Jersey
3.488121212121212,2020-02-24,02/24,0.08331607052607692,-0.90208333333333,-0.08831843803156085,1.204166666666667,-187.22523814583334,-1.6515878850400887,0,1,New Mexico
3.8068548387096777,2020-02-24,02/24,-0.8471833371960289,0.2979166666666728,0.047516891228398556,0.5041666666666669,211.84677185416666,0.03141915107912771,0,0,New York
4.04325,2020-02-24,02/24,0.9023464590466644,0.1979166666666714,0.10575062850971054,0.20416666666666705,4.406471854166654,1.0527191434119996,0,0,North Carolina
3.6046603773584907,2020-02-24,02/24,-0.2203038953695986,-3.3020833333333286,-0.08169130045457206,-1.0958333333333332,-193.57206814583336,-1.049209132943782,0,1,North Dakota
3.963534090909091,2020-02-24,02/24,0.19357940940348278,0.8979166666666671,0.014671322118792546,0.704166666666667,80.44227185416668,0.7196511725057753,0,1,Ohio
3.9771038961038965,2020-02-24,02/24,1.194560740975039,-2.0020833333333314,-0.03537767862282966,-0.09583333333333321,-147.35462814583335,0.712736407728777,0,1,Oklahoma
3.461777777777778,2020-02-24,02/24,-0.7418031888617229,0.7979166666666728,-0.08981467951276635,0.20416666666666705,-161.94793814583335,-1.820756037234206,0,0,Oregon
3.8849253731343287,2020-02-24,02/24,-0.27777692281027416,2.297916666666673,0.0024019270273305526,1.0041666666666669,81.40607185416667,0.32961278904401614,0,0,Pennsylvania
3.8468000000000004,2020-02-24,02/24,-0.5599248783461367,1.4979166666666686,-0.04332801950983796,0.004166666666666874,817.4963718541667,0.11049213302258122,0,0,Rhode Island
4.079630434782609,2020-02-24,02/24,1.3356283527739945,0.7979166666666728,0.16138275605556057,-1.1958333333333333,-39.62682814583334,1.1852436352815994,0,1,South Carolina
3.593848484848485,2020-02-24,02/24,0.22239540858383963,-1.6020833333333329,-0.09008036729279706,-0.29583333333333295,-193.07289814583334,-0.9959996404273521,0,1,South Dakota
4.052515789473684,2020-02-24,02/24,1.7517094379085678,0.2979166666666728,0.05914440893189454,-0.1958333333333333,-43.18332814583334,1.0963229813148072,0,1,Tennessee
3.8783228346456693,2020-02-24,02/24,0.8225565195724774,-4.002083333333331,0.011829897619283547,0.004166666666666874,-97.73902814583334,0.24969339308554084,0,1,Texas
3.6003103448275864,2020-02-24,02/24,0.4513688474961512,-7.702083333333331,-0.09709554918488995,-1.1958333333333333,-167.42369814583333,-1.0494693562578887,0,1,Utah
3.923142857142857,2020-02-24,02/24,-1.9584882248646782,4.497916666666669,-0.09597826105221896,-1.1958333333333333,-136.67304814583335,0.5137427889215315,0,1,Vermont
3.8456466165413534,2020-02-24,02/24,0.583838314035802,-0.3020833333333286,0.08287178917118954,-0.895833333333333,8.630771854166653,0.13466928318463467,0,0,Virginia
3.545948717948718,2020-02-24,02/24,-0.7915013820685638,-0.8020833333333286,-0.07187653008488235,0.8041666666666667,-94.70682814583334,-1.391436614034353,0,0,Washington
3.9033636363636366,2020-02-24,02/24,1.0468704858158093,3.9979166666666686,-0.07238928841774506,1.5041666666666669,-128.39371814583336,0.43661360828074286,0,1,West Virginia
3.888041666666667,2020-02-24,02/24,-0.8097128570925235,0.8979166666666671,-0.04505726463907206,-0.09583333333333321,-97.79482814583335,0.32250455959247437,0,1,Wisconsin
3.430478260869565,2020-02-24,02/24,-0.10461883867823743,-1.1020833333333329,-0.09934995212321113,0.20416666666666705,-198.48079814583335,-1.7618217109948084,0,1,Wyoming
4.079402985074627,2020-03-02,03/02,2.1004617017268004,0.49791666666666856,0.15696013274534054,-0.795833333333333,-108.42213814583334,1.2181063661913718,0,1,Alabama
3.5748666666666664,2020-03-02,03/02,-0.18969952399100487,-1.0020833333333314,-0.06492841733237306,1.1041666666666665,-143.31822814583336,-1.1773844629293961,0,1,Arizona
4.003733333333333,2020-03-02,03/02,1.3841457010495044,-0.5020833333333314,0.045264442655427534,0.10416666666666696,-146.99891814583333,0.7802765546349006,0,1,Arkansas
3.627448275862069,2020-03-02,03/02,-0.6312716750302283,-2.102083333333333,-0.050941859080305955,0.4041666666666668,46.81217185416665,-0.9251221966312326,0,0,California
3.53953125,2020-03-02,03/02,-0.6457904466837162,-1.8020833333333286,-0.06766159348925155,-0.9958333333333331,-151.10414814583334,-1.434807510445985,0,0,Colorado
3.93375,2020-03-02,03/02,-1.0174674394875816,2.397916666666667,-0.003256129259642457,0.20416666666666705,535.0961718541666,0.5056469783371872,0,0,Connecticut
3.969666666666667,2020-03-02,03/02,-0.4806759258807145,1.7979166666666728,0.11218492080206455,0.4041666666666668,282.88597185416666,0.6640413970921009,0,0,Delaware
3.9611492537313433,2020-03-02,03/02,-0.002005235000865864,3.4979166666666686,0.05213213572927056,-0.4958333333333331,179.47217185416667,0.6331865787582238,0,1,Florida
4.101452830188679,2020-03-02,03/02,1.0330130077336142,-1.90208333333333,0.20570045118582053,-0.29583333333333295,-26.05512814583335,1.3344857766103824,0,1,Georgia
3.560295454545454,2020-03-02,03/02,-0.273937410053075,-2.3020833333333286,-0.10203663892208255,-0.5958333333333332,-184.05125814583334,-1.2584406125465952,0,1,Idaho
3.9755784313725493,2020-03-02,03/02,-0.3113082421712841,-0.5020833333333314,0.03339929291286456,0.20416666666666705,26.486171854166656,0.6563626395685608,0,1,Illinois
4.016826086956522,2020-03-02,03/02,-0.002786459151207725,-0.8020833333333286,-0.015541380130143348,-0.29583333333333295,-19.206028145833358,0.8133884519495111,0,1,Indiana
3.9150303030303033,2020-03-02,03/02,-0.08245032633408095,-0.3020833333333286,-0.07378421386875086,-0.795833333333333,-148.38995814583336,0.3708656000555155,0,1,Iowa
3.7570571428571427,2020-03-02,03/02,0.021307393321853295,-1.90208333333333,-0.05049612263627436,-0.29583333333333295,-168.89627814583335,-0.44226463980174313,0,1,Kansas
4.037333333333334,2020-03-02,03/02,0.9644981238209951,0.2979166666666728,-0.029120244818256452,0.8041666666666667,-92.03592814583334,0.9686514866385736,0,1,Kentucky
4.051234375,2020-03-02,03/02,1.3060875345996494,-1.8020833333333286,0.21339256169083154,1.4041666666666672,-96.52932814583335,1.0032822803736303,0,0,Louisiana
3.9785625,2020-03-02,03/02,-1.7340922303993163,6.197916666666671,-0.09545554993634366,-0.5958333333333332,-161.26319814583334,0.6163529329322726,0,1,Maine
3.8274166666666667,2020-03-02,03/02,-0.2904447780939467,0.1979166666666714,0.18897294850817153,0.004166666666666874,413.7427718541667,-0.005071595959655931,0,1,Maryland
3.7768571428571427,2020-03-02,03/02,-1.8635993464230538,0.9979166666666686,-0.03412137839153165,-0.6958333333333333,671.0525718541667,-0.2608517865759605,0,1,Massachusetts
3.887421686746988,2020-03-02,03/02,-0.23019421926020478,1.2979166666666728,0.029258081101481537,0.4041666666666668,-28.555428145833332,0.20269989825956375,0,1,Michigan
3.856206896551724,2020-03-02,03/02,-0.545997447536084,-0.5020833333333314,-0.046963839298059355,-0.1958333333333333,-135.05664814583335,0.1315088049593076,0,0,Minnesota
4.096146341463415,2020-03-02,03/02,2.004362122964306,-1.2020833333333272,0.2678175417587845,2.204166666666667,-140.78043814583333,1.2692337944717476,0,1,Mississippi
3.9804122807017546,2020-03-02,03/02,0.4818206088233847,0.09791666666666998,0.0068737557383245496,-0.1958333333333333,-115.88549814583334,0.6780162460244927,0,1,Missouri
3.1523214285714287,2020-03-02,03/02,-0.475049079019363,1.3979166666666671,-0.1044270142850916,-0.09583333333333321,-197.31622714583335,-3.1150887151210673,0,0,Montana
3.8381397849462364,2020-03-02,03/02,0.05922572806210643,-2.0020833333333314,-0.061169987823171755,-0.39583333333333304,-179.67774814583333,-0.12141286768806936,0,1,Nebraska
3.60125,2020-03-02,03/02,-0.6671416518864843,-0.5020833333333314,-0.019533016839696757,0.3041666666666667,-177.84907814583335,-1.0407857647818293,0,1,Nevada
3.9412,2020-03-02,03/02,-1.8485311187715099,4.297916666666673,-0.09360236011675506,-0.895833333333333,-54.40662814583334,0.5472938952959503,0,1,New Hampshire
3.871904761904762,2020-03-02,03/02,-0.33933588777863233,1.3979166666666671,0.025871189663571548,0.004166666666666874,1003.2163718541667,0.21443229912091555,0,0,New Jersey
3.466,2020-03-02,03/02,0.08331607052607692,-0.90208333333333,-0.08831843803156085,1.204166666666667,-187.22523814583334,-1.6515878850400887,0,1,New Mexico
3.859935483870968,2020-03-02,03/02,-0.8471833371960289,0.2979166666666728,0.047516891228398556,0.5041666666666669,211.84677185416666,0.03141915107912771,0,0,New York
4.05485,2020-03-02,03/02,0.9023464590466644,0.1979166666666714,0.10575062850971054,0.20416666666666705,4.406471854166654,1.0527191434119996,0,0,North Carolina
3.6044716981132074,2020-03-02,03/02,-0.2203038953695986,-3.3020833333333286,-0.08169130045457206,-1.0958333333333332,-193.57206814583336,-1.049209132943782,0,1,North Dakota
3.993977272727273,2020-03-02,03/02,0.19357940940348278,0.8979166666666671,0.014671322118792546,0.704166666666667,80.44227185416668,0.7196511725057753,0,1,Ohio
3.9770779220779224,2020-03-02,03/02,1.194560740975039,-2.0020833333333314,-0.03537767862282966,-0.09583333333333321,-147.35462814583335,0.712736407728777,0,1,Oklahoma
3.4205555555555556,2020-03-02,03/02,-0.7418031888617229,0.7979166666666728,-0.08981467951276635,0.20416666666666705,-161.94793814583335,-1.820756037234206,0,0,Oregon
3.90755223880597,2020-03-02,03/02,-0.27777692281027416,2.297916666666673,0.0024019270273305526,1.0041666666666669,81.40607185416667,0.32961278904401614,0,0,Pennsylvania
3.8528,2020-03-02,03/02,-0.5599248783461367,1.4979166666666686,-0.04332801950983796,0.004166666666666874,817.4963718541667,0.11049213302258122,0,0,Rhode Island
4.074282608695652,2020-03-02,03/02,1.3356283527739945,0.7979166666666728,0.16138275605556057,-1.1958333333333333,-39.62682814583334,1.1852436352815994,0,1,South Carolina
3.638378787878788,2020-03-02,03/02,0.22239540858383963,-1.6020833333333329,-0.09008036729279706,-0.29583333333333295,-193.07289814583334,-0.9959996404273521,0,1,South Dakota
4.0640210526315785,2020-03-02,03/02,1.7517094379085678,0.2979166666666728,0.05914440893189454,-0.1958333333333333,-43.18332814583334,1.0963229813148072,0,1,Tennessee
3.8800826771653547,2020-03-02,03/02,0.8225565195724774,-4.002083333333331,0.011829897619283547,0.004166666666666874,-97.73902814583334,0.24969339308554084,0,1,Texas
3.6088275862068966,2020-03-02,03/02,0.4513688474961512,-7.702083333333331,-0.09709554918488995,-1.1958333333333333,-167.42369814583333,-1.0494693562578887,0,1,Utah
3.947214285714286,2020-03-02,03/02,-1.9584882248646782,4.497916666666669,-0.09597826105221896,-1.1958333333333333,-136.67304814583335,0.5137427889215315,0,1,Vermont
3.864345864661654,2020-03-02,03/02,0.583838314035802,-0.3020833333333286,0.08287178917118954,-0.895833333333333,8.630771854166653,0.13466928318463467,0,0,Virginia
3.5181025641025636,2020-03-02,03/02,-0.7915013820685638,-0.8020833333333286,-0.07187653008488235,0.8041666666666667,-94.70682814583334,-1.391436614034353,0,0,Washington
3.934472727272727,2020-03-02,03/02,1.0468704858158093,3.9979166666666686,-0.07238928841774506,1.5041666666666669,-128.39371814583336,0.43661360828074286,0,1,West Virginia
3.9013055555555556,2020-03-02,03/02,-0.8097128570925235,0.8979166666666671,-0.04505726463907206,-0.09583333333333321,-97.79482814583335,0.32250455959247437,0,1,Wisconsin
3.4779565217391304,2020-03-02,03/02,-0.10461883867823743,-1.1020833333333329,-0.09934995212321113,0.20416666666666705,-198.48079814583335,-1.7618217109948084,0,1,Wyoming
4.088223880597015,2020-03-09,03/09,2.1004617017268004,0.49791666666666856,0.15696013274534054,-0.795833333333333,-108.42213814583334,1.2181063661913718,0,1,Alabama
3.5166666666666666,2020-03-09,03/09,-0.18969952399100487,-1.0020833333333314,-0.06492841733237306,1.1041666666666665,-143.31822814583336,-1.1773844629293961,0,1,Arizona
3.9474666666666667,2020-03-09,03/09,1.3841457010495044,-0.5020833333333314,0.045264442655427534,0.10416666666666696,-146.99891814583333,0.7802765546349006,0,1,Arkansas
3.5348793103448277,2020-03-09,03/09,-0.6312716750302283,-2.102083333333333,-0.050941859080305955,0.4041666666666668,46.81217185416665,-0.9251221966312326,0,0,California
3.450625,2020-03-09,03/09,-0.6457904466837162,-1.8020833333333286,-0.06766159348925155,-0.9958333333333331,-151.10414814583334,-1.434807510445985,0,0,Colorado
3.855625,2020-03-09,03/09,-1.0174674394875816,2.397916666666667,-0.003256129259642457,0.20416666666666705,535.0961718541666,0.5056469783371872,0,0,Connecticut
3.9006666666666665,2020-03-09,03/09,-0.4806759258807145,1.7979166666666728,0.11218492080206455,0.4041666666666668,282.88597185416666,0.6640413970921009,0,0,Delaware
3.955731343283582,2020-03-09,03/09,-0.002005235000865864,3.4979166666666686,0.05213213572927056,-0.4958333333333331,179.47217185416667,0.6331865787582238,0,1,Florida
4.089452830188679,2020-03-09,03/09,1.0330130077336142,-1.90208333333333,0.20570045118582053,-0.29583333333333295,-26.05512814583335,1.3344857766103824,0,1,Georgia
3.5084772727272724,2020-03-09,03/09,-0.273937410053075,-2.3020833333333286,-0.10203663892208255,-0.5958333333333332,-184.05125814583334,-1.2584406125465952,0,1,Idaho
3.9171078431372552,2020-03-09,03/09,-0.3113082421712841,-0.5020833333333314,0.03339929291286456,0.20416666666666705,26.486171854166656,0.6563626395685608,0,1,Illinois
3.9315108695652174,2020-03-09,03/09,-0.002786459151207725,-0.8020833333333286,-0.015541380130143348,-0.29583333333333295,-19.206028145833358,0.8133884519495111,0,1,Indiana
3.8737676767676765,2020-03-09,03/09,-0.08245032633408095,-0.3020833333333286,-0.07378421386875086,-0.795833333333333,-148.38995814583336,0.3708656000555155,0,1,Iowa
3.699247619047619,2020-03-09,03/09,0.021307393321853295,-1.90208333333333,-0.05049612263627436,-0.29583333333333295,-168.89627814583335,-0.44226463980174313,0,1,Kansas
3.950975,2020-03-09,03/09,0.9644981238209951,0.2979166666666728,-0.029120244818256452,0.8041666666666667,-92.03592814583334,0.9686514866385736,0,1,Kentucky
4.038484375,2020-03-09,03/09,1.3060875345996494,-1.8020833333333286,0.21339256169083154,1.4041666666666672,-96.52932814583335,1.0032822803736303,0,0,Louisiana
3.9240625,2020-03-09,03/09,-1.7340922303993163,6.197916666666671,-0.09545554993634366,-0.5958333333333332,-161.26319814583334,0.6163529329322726,0,1,Maine
3.7616666666666667,2020-03-09,03/09,-0.2904447780939467,0.1979166666666714,0.18897294850817153,0.004166666666666874,413.7427718541667,-0.005071595959655931,0,1,Maryland
3.7057857142857142,2020-03-09,03/09,-1.8635993464230538,0.9979166666666686,-0.03412137839153165,-0.6958333333333333,671.0525718541667,-0.2608517865759605,0,1,Massachusetts
3.791301204819277,2020-03-09,03/09,-0.23019421926020478,1.2979166666666728,0.029258081101481537,0.4041666666666668,-28.555428145833332,0.20269989825956375,0,1,Michigan
3.811735632183908,2020-03-09,03/09,-0.545997447536084,-0.5020833333333314,-0.046963839298059355,-0.1958333333333333,-135.05664814583335,0.1315088049593076,0,0,Minnesota
4.074548780487805,2020-03-09,03/09,2.004362122964306,-1.2020833333333272,0.2678175417587845,2.204166666666667,-140.78043814583333,1.2692337944717476,0,1,Mississippi
3.9343421052631578,2020-03-09,03/09,0.4818206088233847,0.09791666666666998,0.0068737557383245496,-0.1958333333333333,-115.88549814583334,0.6780162460244927,0,1,Missouri
3.117142857142857,2020-03-09,03/09,-0.475049079019363,1.3979166666666671,-0.1044270142850916,-0.09583333333333321,-197.31622714583335,-3.1150887151210673,0,0,Montana
3.630021505376344,2020-03-09,03/09,0.05922572806210643,-2.0020833333333314,-0.061169987823171755,-0.39583333333333304,-179.67774814583333,-0.12141286768806936,0,1,Nebraska
3.5675,2020-03-09,03/09,-0.6671416518864843,-0.5020833333333314,-0.019533016839696757,0.3041666666666667,-177.84907814583335,-1.0407857647818293,0,1,Nevada
3.8912999999999998,2020-03-09,03/09,-1.8485311187715099,4.297916666666673,-0.09360236011675506,-0.895833333333333,-54.40662814583334,0.5472938952959503,0,1,New Hampshire
3.7842857142857143,2020-03-09,03/09,-0.33933588777863233,1.3979166666666671,0.025871189663571548,0.004166666666666874,1003.2163718541667,0.21443229912091555,0,0,New Jersey
3.4616666666666664,2020-03-09,03/09,0.08331607052607692,-0.90208333333333,-0.08831843803156085,1.204166666666667,-187.22523814583334,-1.6515878850400887,0,1,New Mexico
3.797177419354839,2020-03-09,03/09,-0.8471833371960289,0.2979166666666728,0.047516891228398556,0.5041666666666669,211.84677185416666,0.03141915107912771,0,0,New York
4.028519999999999,2020-03-09,03/09,0.9023464590466644,0.1979166666666714,0.10575062850971054,0.20416666666666705,4.406471854166654,1.0527191434119996,0,0,North Carolina
3.5804905660377355,2020-03-09,03/09,-0.2203038953695986,-3.3020833333333286,-0.08169130045457206,-1.0958333333333332,-193.57206814583336,-1.049209132943782,0,1,North Dakota
3.9076136363636365,2020-03-09,03/09,0.19357940940348278,0.8979166666666671,0.014671322118792546,0.704166666666667,80.44227185416668,0.7196511725057753,0,1,Ohio
3.9585064935064938,2020-03-09,03/09,1.194560740975039,-2.0020833333333314,-0.03537767862282966,-0.09583333333333321,-147.35462814583335,0.712736407728777,0,1,Oklahoma
3.3474166666666667,2020-03-09,03/09,-0.7418031888617229,0.7979166666666728,-0.08981467951276635,0.20416666666666705,-161.94793814583335,-1.820756037234206,0,0,Oregon
3.855641791044776,2020-03-09,03/09,-0.27777692281027416,2.297916666666673,0.0024019270273305526,1.0041666666666669,81.40607185416667,0.32961278904401614,0,0,Pennsylvania
3.7880000000000003,2020-03-09,03/09,-0.5599248783461367,1.4979166666666686,-0.04332801950983796,0.004166666666666874,817.4963718541667,0.11049213302258122,0,0,Rhode Island
4.084673913043479,2020-03-09,03/09,1.3356283527739945,0.7979166666666728,0.16138275605556057,-1.1958333333333333,-39.62682814583334,1.1852436352815994,0,1,South Carolina
3.5009393939393942,2020-03-09,03/09,0.22239540858383963,-1.6020833333333329,-0.09008036729279706,-0.29583333333333295,-193.07289814583334,-0.9959996404273521,0,1,South Dakota
4.037684210526316,2020-03-09,03/09,1.7517094379085678,0.2979166666666728,0.05914440893189454,-0.1958333333333333,-43.18332814583334,1.0963229813148072,0,1,Tennessee
3.884503937007874,2020-03-09,03/09,0.8225565195724774,-4.002083333333331,0.011829897619283547,0.004166666666666874,-97.73902814583334,0.24969339308554084,0,1,Texas
3.5220000000000002,2020-03-09,03/09,0.4513688474961512,-7.702083333333331,-0.09709554918488995,-1.1958333333333333,-167.42369814583333,-1.0494693562578887,0,1,Utah
3.891142857142857,2020-03-09,03/09,-1.9584882248646782,4.497916666666669,-0.09597826105221896,-1.1958333333333333,-136.67304814583335,0.5137427889215315,0,1,Vermont
3.8151127819548876,2020-03-09,03/09,0.583838314035802,-0.3020833333333286,0.08287178917118954,-0.895833333333333,8.630771854166653,0.13466928318463467,0,0,Virginia
3.38225641025641,2020-03-09,03/09,-0.7915013820685638,-0.8020833333333286,-0.07187653008488235,0.8041666666666667,-94.70682814583334,-1.391436614034353,0,0,Washington
3.876072727272727,2020-03-09,03/09,1.0468704858158093,3.9979166666666686,-0.07238928841774506,1.5041666666666669,-128.39371814583336,0.43661360828074286,0,1,West Virginia
3.850916666666667,2020-03-09,03/09,-0.8097128570925235,0.8979166666666671,-0.04505726463907206,-0.09583333333333321,-97.79482814583335,0.32250455959247437,0,1,Wisconsin
3.4091304347826084,2020-03-09,03/09,-0.10461883867823743,-1.1020833333333329,-0.09934995212321113,0.20416666666666705,-198.48079814583335,-1.7618217109948084,0,1,Wyoming
3.617462686567164,2020-03-16,03/16,2.1004617017268004,0.49791666666666856,0.15696013274534054,-0.795833333333333,-108.42213814583334,1.2181063661913718,0,1,Alabama
2.8939999999999997,2020-03-16,03/16,-0.18969952399100487,-1.0020833333333314,-0.06492841733237306,1.1041666666666665,-143.31822814583336,-1.1773844629293961,0,1,Arizona
3.357066666666667,2020-03-16,03/16,1.3841457010495044,-0.5020833333333314,0.045264442655427534,0.10416666666666696,-146.99891814583333,0.7802765546349006,0,1,Arkansas
2.5291206896551723,2020-03-16,03/16,-0.6312716750302283,-2.102083333333333,-0.050941859080305955,0.4041666666666668,46.81217185416665,-0.9251221966312326,4,0,California
2.63921875,2020-03-16,03/16,-0.6457904466837162,-1.8020833333333286,-0.06766159348925155,-0.9958333333333331,-151.10414814583334,-1.434807510445985,0,0,Colorado
3.011625,2020-03-16,03/16,-1.0174674394875816,2.397916666666667,-0.003256129259642457,0.20416666666666705,535.0961718541666,0.5056469783371872,0,0,Connecticut
3.1943333333333332,2020-03-16,03/16,-0.4806759258807145,1.7979166666666728,0.11218492080206455,0.4041666666666668,282.88597185416666,0.6640413970921009,0,0,Delaware
3.5193432835820895,2020-03-16,03/16,-0.002005235000865864,3.4979166666666686,0.05213213572927056,-0.4958333333333331,179.47217185416667,0.6331865787582238,0,1,Florida
3.6598176100628925,2020-03-16,03/16,1.0330130077336142,-1.90208333333333,0.20570045118582053,-0.29583333333333295,-26.05512814583335,1.3344857766103824,0,1,Georgia
3.0957954545454545,2020-03-16,03/16,-0.273937410053075,-2.3020833333333286,-0.10203663892208255,-0.5958333333333332,-184.05125814583334,-1.2584406125465952,0,1,Idaho
3.1393039215686276,2020-03-16,03/16,-0.3113082421712841,-0.5020833333333314,0.03339929291286456,0.20416666666666705,26.486171854166656,0.6563626395685608,2,1,Illinois
3.2881521739130433,2020-03-16,03/16,-0.002786459151207725,-0.8020833333333286,-0.015541380130143348,-0.29583333333333295,-19.206028145833358,0.8133884519495111,0,1,Indiana
3.151919191919192,2020-03-16,03/16,-0.08245032633408095,-0.3020833333333286,-0.07378421386875086,-0.795833333333333,-148.38995814583336,0.3708656000555155,0,1,Iowa
3.1550476190476187,2020-03-16,03/16,0.021307393321853295,-1.90208333333333,-0.05049612263627436,-0.29583333333333295,-168.89627814583335,-0.44226463980174313,0,1,Kansas
3.3594333333333335,2020-03-16,03/16,0.9644981238209951,0.2979166666666728,-0.029120244818256452,0.8041666666666667,-92.03592814583334,0.9686514866385736,0,1,Kentucky
3.461921875,2020-03-16,03/16,1.3060875345996494,-1.8020833333333286,0.21339256169083154,1.4041666666666672,-96.52932814583335,1.0032822803736303,0,0,Louisiana
3.1893125,2020-03-16,03/16,-1.7340922303993163,6.197916666666671,-0.09545554993634366,-0.5958333333333332,-161.26319814583334,0.6163529329322726,0,1,Maine
3.0280416666666667,2020-03-16,03/16,-0.2904447780939467,0.1979166666666714,0.18897294850817153,0.004166666666666874,413.7427718541667,-0.005071595959655931,0,1,Maryland
2.692857142857143,2020-03-16,03/16,-1.8635993464230538,0.9979166666666686,-0.03412137839153165,-0.6958333333333333,671.0525718541667,-0.2608517865759605,0,1,Massachusetts
3.0607710843373495,2020-03-16,03/16,-0.23019421926020478,1.2979166666666728,0.029258081101481537,0.4041666666666668,-28.555428145833332,0.20269989825956375,0,1,Michigan
3.017011494252874,2020-03-16,03/16,-0.545997447536084,-0.5020833333333314,-0.046963839298059355,-0.1958333333333333,-135.05664814583335,0.1315088049593076,0,0,Minnesota
3.5110853658536585,2020-03-16,03/16,2.004362122964306,-1.2020833333333272,0.2678175417587845,2.204166666666667,-140.78043814583333,1.2692337944717476,0,1,Mississippi
3.3694912280701756,2020-03-16,03/16,0.4818206088233847,0.09791666666666998,0.0068737557383245496,-0.1958333333333333,-115.88549814583334,0.6780162460244927,0,1,Missouri
2.6424999999999996,2020-03-16,03/16,-0.475049079019363,1.3979166666666671,-0.1044270142850916,-0.09583333333333321,-197.31622714583335,-3.1150887151210673,0,0,Montana
3.074731182795699,2020-03-16,03/16,0.05922572806210643,-2.0020833333333314,-0.061169987823171755,-0.39583333333333304,-179.67774814583333,-0.12141286768806936,0,1,Nebraska
2.95425,2020-03-16,03/16,-0.6671416518864843,-0.5020833333333314,-0.019533016839696757,0.3041666666666667,-177.84907814583335,-1.0407857647818293,0,1,Nevada
3.1358,2020-03-16,03/16,-1.8485311187715099,4.297916666666673,-0.09360236011675506,-0.895833333333333,-54.40662814583334,0.5472938952959503,0,1,New Hampshire
2.6037142857142856,2020-03-16,03/16,-0.33933588777863233,1.3979166666666671,0.025871189663571548,0.004166666666666874,1003.2163718541667,0.21443229912091555,2,0,New Jersey
2.940757575757576,2020-03-16,03/16,0.08331607052607692,-0.90208333333333,-0.08831843803156085,1.204166666666667,-187.22523814583334,-1.6515878850400887,0,1,New Mexico
2.962258064516129,2020-03-16,03/16,-0.8471833371960289,0.2979166666666728,0.047516891228398556,0.5041666666666669,211.84677185416666,0.03141915107912771,1,0,New York
3.59343,2020-03-16,03/16,0.9023464590466644,0.1979166666666714,0.10575062850971054,0.20416666666666705,4.406471854166654,1.0527191434119996,0,0,North Carolina
2.8437169811320757,2020-03-16,03/16,-0.2203038953695986,-3.3020833333333286,-0.08169130045457206,-1.0958333333333332,-193.57206814583336,-1.049209132943782,0,1,North Dakota
3.2415227272727276,2020-03-16,03/16,0.19357940940348278,0.8979166666666671,0.014671322118792546,0.704166666666667,80.44227185416668,0.7196511725057753,0,1,Ohio
3.4111688311688315,2020-03-16,03/16,1.194560740975039,-2.0020833333333314,-0.03537767862282966,-0.09583333333333321,-147.35462814583335,0.712736407728777,0,1,Oklahoma
2.874722222222222,2020-03-16,03/16,-0.7418031888617229,0.7979166666666728,-0.08981467951276635,0.20416666666666705,-161.94793814583335,-1.820756037234206,0,0,Oregon
3.083686567164179,2020-03-16,03/16,-0.27777692281027416,2.297916666666673,0.0024019270273305526,1.0041666666666669,81.40607185416667,0.32961278904401614,0,0,Pennsylvania
2.9542,2020-03-16,03/16,-0.5599248783461367,1.4979166666666686,-0.04332801950983796,0.004166666666666874,817.4963718541667,0.11049213302258122,0,0,Rhode Island
3.6755,2020-03-16,03/16,1.3356283527739945,0.7979166666666728,0.16138275605556057,-1.1958333333333333,-39.62682814583334,1.1852436352815994,0,1,South Carolina
3.0086818181818185,2020-03-16,03/16,0.22239540858383963,-1.6020833333333329,-0.09008036729279706,-0.29583333333333295,-193.07289814583334,-0.9959996404273521,0,1,South Dakota
3.5716526315789476,2020-03-16,03/16,1.7517094379085678,0.2979166666666728,0.05914440893189454,-0.1958333333333333,-43.18332814583334,1.0963229813148072,0,1,Tennessee
3.294240157480315,2020-03-16,03/16,0.8225565195724774,-4.002083333333331,0.011829897619283547,0.004166666666666874,-97.73902814583334,0.24969339308554084,0,1,Texas
2.9683103448275863,2020-03-16,03/16,0.4513688474961512,-7.702083333333331,-0.09709554918488995,-1.1958333333333333,-167.42369814583333,-1.0494693562578887,0,1,Utah
3.1289285714285713,2020-03-16,03/16,-1.9584882248646782,4.497916666666669,-0.09597826105221896,-1.1958333333333333,-136.67304814583335,0.5137427889215315,0,1,Vermont
3.269601503759399,2020-03-16,03/16,0.583838314035802,-0.3020833333333286,0.08287178917118954,-0.895833333333333,8.630771854166653,0.13466928318463467,0,0,Virginia
2.8245897435897436,2020-03-16,03/16,-0.7915013820685638,-0.8020833333333286,-0.07187653008488235,0.8041666666666667,-94.70682814583334,-1.391436614034353,0,0,Washington
3.255127272727273,2020-03-16,03/16,1.0468704858158093,3.9979166666666686,-0.07238928841774506,1.5041666666666669,-128.39371814583336,0.43661360828074286,0,1,West Virginia
3.1148611111111113,2020-03-16,03/16,-0.8097128570925235,0.8979166666666671,-0.04505726463907206,-0.09583333333333321,-97.79482814583335,0.32250455959247437,0,1,Wisconsin
2.922217391304348,2020-03-16,03/16,-0.10461883867823743,-1.1020833333333329,-0.09934995212321113,0.20416666666666705,-198.48079814583335,-1.7618217109948084,0,1,Wyoming
3.1852089552238803,2020-03-23,03/23,2.1004617017268004,0.49791666666666856,0.15696013274534054,-0.795833333333333,-108.42213814583334,1.2181063661913718,0,1,Alabama
1.3912666666666667,2020-03-23,03/23,-0.18969952399100487,-1.0020833333333314,-0.06492841733237306,1.1041666666666665,-143.31822814583336,-1.1773844629293961,0,1,Arizona
2.9841333333333333,2020-03-23,03/23,1.3841457010495044,-0.5020833333333314,0.045264442655427534,0.10416666666666696,-146.99891814583333,0.7802765546349006,0,1,Arkansas
0.8351206896551724,2020-03-23,03/23,-0.6312716750302283,-2.102083333333333,-0.050941859080305955,0.4041666666666668,46.81217185416665,-0.9251221966312326,7,0,California
1.621890625,2020-03-23,03/23,-0.6457904466837162,-1.8020833333333286,-0.06766159348925155,-0.9958333333333331,-151.10414814583334,-1.434807510445985,4,0,Colorado
2.2725,2020-03-23,03/23,-1.0174674394875816,2.397916666666667,-0.003256129259642457,0.20416666666666705,535.0961718541666,0.5056469783371872,7,0,Connecticut
2.655,2020-03-23,03/23,-0.4806759258807145,1.7979166666666728,0.11218492080206455,0.4041666666666668,282.88597185416666,0.6640413970921009,6,0,Delaware
3.1889104477611943,2020-03-23,03/23,-0.002005235000865864,3.4979166666666686,0.05213213572927056,-0.4958333333333331,179.47217185416667,0.6331865787582238,0,1,Florida
3.283955974842767,2020-03-23,03/23,1.0330130077336142,-1.90208333333333,0.20570045118582053,-0.29583333333333295,-26.05512814583335,1.3344857766103824,0,1,Georgia
1.8067272727272725,2020-03-23,03/23,-0.273937410053075,-2.3020833333333286,-0.10203663892208255,-0.5958333333333332,-184.05125814583334,-1.2584406125465952,5,1,Idaho
2.2807941176470585,2020-03-23,03/23,-0.3113082421712841,-0.5020833333333314,0.03339929291286456,0.20416666666666705,26.486171854166656,0.6563626395685608,7,1,Illinois
2.5208152173913043,2020-03-23,03/23,-0.002786459151207725,-0.8020833333333286,-0.015541380130143348,-0.29583333333333295,-19.206028145833358,0.8133884519495111,6,1,Indiana
2.563848484848485,2020-03-23,03/23,-0.08245032633408095,-0.3020833333333286,-0.07378421386875086,-0.795833333333333,-148.38995814583336,0.3708656000555155,0,1,Iowa
2.7658761904761904,2020-03-23,03/23,0.021307393321853295,-1.90208333333333,-0.05049612263627436,-0.29583333333333295,-168.89627814583335,-0.44226463980174313,0,1,Kansas
2.8443916666666667,2020-03-23,03/23,0.9644981238209951,0.2979166666666728,-0.029120244818256452,0.8041666666666667,-92.03592814583334,0.9686514866385736,4,1,Kentucky
2.826796875,2020-03-23,03/23,1.3060875345996494,-1.8020833333333286,0.21339256169083154,1.4041666666666672,-96.52932814583335,1.0032822803736303,7,0,Louisiana
2.866625,2020-03-23,03/23,-1.7340922303993163,6.197916666666671,-0.09545554993634366,-0.5958333333333332,-161.26319814583334,0.6163529329322726,0,1,Maine
2.4972499999999997,2020-03-23,03/23,-0.2904447780939467,0.1979166666666714,0.18897294850817153,0.004166666666666874,413.7427718541667,-0.005071595959655931,0,1,Maryland
1.9646428571428571,2020-03-23,03/23,-1.8635993464230538,0.9979166666666686,-0.03412137839153165,-0.6958333333333333,671.0525718541667,-0.2608517865759605,6,1,Massachusetts
1.81644578313253,2020-03-23,03/23,-0.23019421926020478,1.2979166666666728,0.029258081101481537,0.4041666666666668,-28.555428145833332,0.20269989825956375,6,1,Michigan
2.104758620689655,2020-03-23,03/23,-0.545997447536084,-0.5020833333333314,-0.046963839298059355,-0.1958333333333333,-135.05664814583335,0.1315088049593076,3,0,Minnesota
3.0847926829268295,2020-03-23,03/23,2.004362122964306,-1.2020833333333272,0.2678175417587845,2.204166666666667,-140.78043814583333,1.2692337944717476,0,1,Mississippi
2.759035087719298,2020-03-23,03/23,0.4818206088233847,0.09791666666666998,0.0068737557383245496,-0.1958333333333333,-115.88549814583334,0.6780162460244927,0,1,Missouri
1.7946071428571428,2020-03-23,03/23,-0.475049079019363,1.3979166666666671,-0.1044270142850916,-0.09583333333333321,-197.31622714583335,-3.1150887151210673,2,0,Montana
2.6391290322580643,2020-03-23,03/23,0.05922572806210643,-2.0020833333333314,-0.061169987823171755,-0.39583333333333304,-179.67774814583333,-0.12141286768806936,0,1,Nebraska
1.4278125,2020-03-23,03/23,-0.6671416518864843,-0.5020833333333314,-0.019533016839696757,0.3041666666666667,-177.84907814583335,-1.0407857647818293,0,1,Nevada
2.5408,2020-03-23,03/23,-1.8485311187715099,4.297916666666673,-0.09360236011675506,-0.895833333333333,-54.40662814583334,0.5472938952959503,3,1,New Hampshire
1.7585238095238096,2020-03-23,03/23,-0.33933588777863233,1.3979166666666671,0.025871189663571548,0.004166666666666874,1003.2163718541667,0.21443229912091555,7,0,New Jersey
2.003727272727273,2020-03-23,03/23,0.08331607052607692,-0.90208333333333,-0.08831843803156085,1.204166666666667,-187.22523814583334,-1.6515878850400887,6,1,New Mexico
2.049451612903226,2020-03-23,03/23,-0.8471833371960289,0.2979166666666728,0.047516891228398556,0.5041666666666669,211.84677185416666,0.03141915107912771,7,0,New York
3.29293,2020-03-23,03/23,0.9023464590466644,0.1979166666666714,0.10575062850971054,0.20416666666666705,4.406471854166654,1.0527191434119996,0,0,North Carolina
2.292452830188679,2020-03-23,03/23,-0.2203038953695986,-3.3020833333333286,-0.08169130045457206,-1.0958333333333332,-193.57206814583336,-1.049209132943782,0,1,North Dakota
2.311125,2020-03-23,03/23,0.19357940940348278,0.8979166666666671,0.014671322118792546,0.704166666666667,80.44227185416668,0.7196511725057753,7,1,Ohio
2.9994675324675324,2020-03-23,03/23,1.194560740975039,-2.0020833333333314,-0.03537767862282966,-0.09583333333333321,-147.35462814583335,0.712736407728777,0,1,Oklahoma
0.9803055555555554,2020-03-23,03/23,-0.7418031888617229,0.7979166666666728,-0.08981467951276635,0.20416666666666705,-161.94793814583335,-1.820756037234206,7,0,Oregon
2.122985074626866,2020-03-23,03/23,-0.27777692281027416,2.297916666666673,0.0024019270273305526,1.0041666666666669,81.40607185416667,0.32961278904401614,0,0,Pennsylvania
2.4164000000000003,2020-03-23,03/23,-0.5599248783461367,1.4979166666666686,-0.04332801950983796,0.004166666666666874,817.4963718541667,0.11049213302258122,2,0,Rhode Island
3.3835217391304346,2020-03-23,03/23,1.3356283527739945,0.7979166666666728,0.16138275605556057,-1.1958333333333333,-39.62682814583334,1.1852436352815994,0,1,South Carolina
2.3528787878787876,2020-03-23,03/23,0.22239540858383963,-1.6020833333333329,-0.09008036729279706,-0.29583333333333295,-193.07289814583334,-0.9959996404273521,0,1,South Dakota
3.066757894736842,2020-03-23,03/23,1.7517094379085678,0.2979166666666728,0.05914440893189454,-0.1958333333333333,-43.18332814583334,1.0963229813148072,0,1,Tennessee
2.9196102362204726,2020-03-23,03/23,0.8225565195724774,-4.002083333333331,0.011829897619283547,0.004166666666666874,-97.73902814583334,0.24969339308554084,0,1,Texas
2.0381379310344827,2020-03-23,03/23,0.4513688474961512,-7.702083333333331,-0.09709554918488995,-1.1958333333333333,-167.42369814583333,-1.0494693562578887,0,1,Utah
2.2805,2020-03-23,03/23,-1.9584882248646782,4.497916666666669,-0.09597826105221896,-1.1958333333333333,-136.67304814583335,0.5137427889215315,5,1,Vermont
2.8200526315789474,2020-03-23,03/23,0.583838314035802,-0.3020833333333286,0.08287178917118954,-0.895833333333333,8.630771854166653,0.13466928318463467,0,0,Virginia
0.8664102564102564,2020-03-23,03/23,-0.7915013820685638,-0.8020833333333286,-0.07187653008488235,0.8041666666666667,-94.70682814583334,-1.391436614034353,7,0,Washington
2.4072909090909094,2020-03-23,03/23,1.0468704858158093,3.9979166666666686,-0.07238928841774506,1.5041666666666669,-128.39371814583336,0.43661360828074286,6,1,West Virginia
1.8777777777777775,2020-03-23,03/23,-0.8097128570925235,0.8979166666666671,-0.04505726463907206,-0.09583333333333321,-97.79482814583335,0.32250455959247437,5,1,Wisconsin
2.304826086956522,2020-03-23,03/23,-0.10461883867823743,-1.1020833333333329,-0.09934995212321113,0.20416666666666705,-198.48079814583335,-1.7618217109948084,0,1,Wyoming
3.2669402985074627,2020-03-30,03/30,2.1004617017268004,0.49791666666666856,0.15696013274534054,-0.795833333333333,-108.42213814583334,1.2181063661913718,2,1,Alabama
1.8413333333333335,2020-03-30,03/30,-0.18969952399100487,-1.0020833333333314,-0.06492841733237306,1.1041666666666665,-143.31822814583336,-1.1773844629293961,6,1,Arizona
3.2041333333333335,2020-03-30,03/30,1.3841457010495044,-0.5020833333333314,0.045264442655427534,0.10416666666666696,-146.99891814583333,0.7802765546349006,0,1,Arkansas
1.2697068965517242,2020-03-30,03/30,-0.6312716750302283,-2.102083333333333,-0.050941859080305955,0.4041666666666668,46.81217185416665,-0.9251221966312326,7,0,California
1.827609375,2020-03-30,03/30,-0.6457904466837162,-1.8020833333333286,-0.06766159348925155,-0.9958333333333331,-151.10414814583334,-1.434807510445985,7,0,Colorado
2.150625,2020-03-30,03/30,-1.0174674394875816,2.397916666666667,-0.003256129259642457,0.20416666666666705,535.0961718541666,0.5056469783371872,7,0,Connecticut
2.527,2020-03-30,03/30,-0.4806759258807145,1.7979166666666728,0.11218492080206455,0.4041666666666668,282.88597185416666,0.6640413970921009,7,0,Delaware
2.9256268656716418,2020-03-30,03/30,-0.002005235000865864,3.4979166666666686,0.05213213572927056,-0.4958333333333331,179.47217185416667,0.6331865787582238,3,1,Florida
3.164433962264151,2020-03-30,03/30,1.0330130077336142,-1.90208333333333,0.20570045118582053,-0.29583333333333295,-26.05512814583335,1.3344857766103824,3,1,Georgia
1.9904318181818181,2020-03-30,03/30,-0.273937410053075,-2.3020833333333286,-0.10203663892208255,-0.5958333333333332,-184.05125814583334,-1.2584406125465952,7,1,Idaho
2.6471470588235295,2020-03-30,03/30,-0.3113082421712841,-0.5020833333333314,0.03339929291286456,0.20416666666666705,26.486171854166656,0.6563626395685608,7,1,Illinois
2.644445652173913,2020-03-30,03/30,-0.002786459151207725,-0.8020833333333286,-0.015541380130143348,-0.29583333333333295,-19.206028145833358,0.8133884519495111,7,1,Indiana
2.870393939393939,2020-03-30,03/30,-0.08245032633408095,-0.3020833333333286,-0.07378421386875086,-0.795833333333333,-148.38995814583336,0.3708656000555155,0,1,Iowa
2.725028571428571,2020-03-30,03/30,0.021307393321853295,-1.90208333333333,-0.05049612263627436,-0.29583333333333295,-168.89627814583335,-0.44226463980174313,7,1,Kansas
3.019075,2020-03-30,03/30,0.9644981238209951,0.2979166666666728,-0.029120244818256452,0.8041666666666667,-92.03592814583334,0.9686514866385736,7,1,Kentucky
2.97571875,2020-03-30,03/30,1.3060875345996494,-1.8020833333333286,0.21339256169083154,1.4041666666666672,-96.52932814583335,1.0032822803736303,7,0,Louisiana
2.5405,2020-03-30,03/30,-1.7340922303993163,6.197916666666671,-0.09545554993634366,-0.5958333333333332,-161.26319814583334,0.6163529329322726,4,1,Maine
2.196833333333333,2020-03-30,03/30,-0.2904447780939467,0.1979166666666714,0.18897294850817153,0.004166666666666874,413.7427718541667,-0.005071595959655931,7,1,Maryland
1.700357142857143,2020-03-30,03/30,-1.8635993464230538,0.9979166666666686,-0.03412137839153165,-0.6958333333333333,671.0525718541667,-0.2608517865759605,7,1,Massachusetts
1.7831927710843374,2020-03-30,03/30,-0.23019421926020478,1.2979166666666728,0.029258081101481537,0.4041666666666668,-28.555428145833332,0.20269989825956375,7,1,Michigan
2.0778620689655174,2020-03-30,03/30,-0.545997447536084,-0.5020833333333314,-0.046963839298059355,-0.1958333333333333,-135.05664814583335,0.1315088049593076,7,0,Minnesota
3.2113536585365856,2020-03-30,03/30,2.004362122964306,-1.2020833333333272,0.2678175417587845,2.204166666666667,-140.78043814583333,1.2692337944717476,3,1,Mississippi
2.967842105263158,2020-03-30,03/30,0.4818206088233847,0.09791666666666998,0.0068737557383245496,-0.1958333333333333,-115.88549814583334,0.6780162460244927,0,1,Missouri
1.9008928571428572,2020-03-30,03/30,-0.475049079019363,1.3979166666666671,-0.1044270142850916,-0.09583333333333321,-197.31622714583335,-3.1150887151210673,7,0,Montana
2.837720430107527,2020-03-30,03/30,0.05922572806210643,-2.0020833333333314,-0.061169987823171755,-0.39583333333333304,-179.67774814583333,-0.12141286768806936,0,1,Nebraska
2.005625,2020-03-30,03/30,-0.6671416518864843,-0.5020833333333314,-0.019533016839696757,0.3041666666666667,-177.84907814583335,-1.0407857647818293,5,1,Nevada
2.3163,2020-03-30,03/30,-1.8485311187715099,4.297916666666673,-0.09360236011675506,-0.895833333333333,-54.40662814583334,0.5472938952959503,7,1,New Hampshire
1.6695238095238096,2020-03-30,03/30,-0.33933588777863233,1.3979166666666671,0.025871189663571548,0.004166666666666874,1003.2163718541667,0.21443229912091555,7,0,New Jersey
2.2798181818181815,2020-03-30,03/30,0.08331607052607692,-0.90208333333333,-0.08831843803156085,1.204166666666667,-187.22523814583334,-1.6515878850400887,7,1,New Mexico
2.100177419354839,2020-03-30,03/30,-0.8471833371960289,0.2979166666666728,0.047516891228398556,0.5041666666666669,211.84677185416666,0.03141915107912771,7,0,New York
3.20783,2020-03-30,03/30,0.9023464590466644,0.1979166666666714,0.10575062850971054,0.20416666666666705,4.406471854166654,1.0527191434119996,7,0,North Carolina
2.1709056603773584,2020-03-30,03/30,-0.2203038953695986,-3.3020833333333286,-0.08169130045457206,-1.0958333333333332,-193.57206814583336,-1.049209132943782,0,1,North Dakota
2.59025,2020-03-30,03/30,0.19357940940348278,0.8979166666666671,0.014671322118792546,0.704166666666667,80.44227185416668,0.7196511725057753,7,1,Ohio
3.0137792207792207,2020-03-30,03/30,1.194560740975039,-2.0020833333333314,-0.03537767862282966,-0.09583333333333321,-147.35462814583335,0.712736407728777,0,1,Oklahoma
1.4749166666666667,2020-03-30,03/30,-0.7418031888617229,0.7979166666666728,-0.08981467951276635,0.20416666666666705,-161.94793814583335,-1.820756037234206,7,0,Oregon
2.232820895522388,2020-03-30,03/30,-0.27777692281027416,2.297916666666673,0.0024019270273305526,1.0041666666666669,81.40607185416667,0.32961278904401614,5,0,Pennsylvania
1.991,2020-03-30,03/30,-0.5599248783461367,1.4979166666666686,-0.04332801950983796,0.004166666666666874,817.4963718541667,0.11049213302258122,7,0,Rhode Island
3.437108695652174,2020-03-30,03/30,1.3356283527739945,0.7979166666666728,0.16138275605556057,-1.1958333333333333,-39.62682814583334,1.1852436352815994,0,1,South Carolina
2.461742424242424,2020-03-30,03/30,0.22239540858383963,-1.6020833333333329,-0.09008036729279706,-0.29583333333333295,-193.07289814583334,-0.9959996404273521,0,1,South Dakota
3.1730842105263157,2020-03-30,03/30,1.7517094379085678,0.2979166666666728,0.05914440893189454,-0.1958333333333333,-43.18332814583334,1.0963229813148072,6,1,Tennessee
2.822330708661417,2020-03-30,03/30,0.8225565195724774,-4.002083333333331,0.011829897619283547,0.004166666666666874,-97.73902814583334,0.24969339308554084,4,1,Texas
2.2032758620689656,2020-03-30,03/30,0.4513688474961512,-7.702083333333331,-0.09709554918488995,-1.1958333333333333,-167.42369814583333,-1.0494693562578887,0,1,Utah
2.0505,2020-03-30,03/30,-1.9584882248646782,4.497916666666669,-0.09597826105221896,-1.1958333333333333,-136.67304814583335,0.5137427889215315,7,1,Vermont
2.857015037593985,2020-03-30,03/30,0.583838314035802,-0.3020833333333286,0.08287178917118954,-0.895833333333333,8.630771854166653,0.13466928318463467,7,0,Virginia
1.2885128205128207,2020-03-30,03/30,-0.7915013820685638,-0.8020833333333286,-0.07187653008488235,0.8041666666666667,-94.70682814583334,-1.391436614034353,7,0,Washington
2.6848545454545456,2020-03-30,03/30,1.0468704858158093,3.9979166666666686,-0.07238928841774506,1.5041666666666669,-128.39371814583336,0.43661360828074286,7,1,West Virginia
2.191597222222222,2020-03-30,03/30,-0.8097128570925235,0.8979166666666671,-0.04505726463907206,-0.09583333333333321,-97.79482814583335,0.32250455959247437,7,1,Wisconsin
2.5166521739130436,2020-03-30,03/30,-0.10461883867823743,-1.1020833333333329,-0.09934995212321113,0.20416666666666705,-198.48079814583335,-1.7618217109948084,0,1,Wyoming
3.491044776119403,2020-04-06,04/06,2.1004617017268004,0.49791666666666856,0.15696013274534054,-0.795833333333333,-108.42213814583334,1.2181063661913718,7,1,Alabama
2.5874,2020-04-06,04/06,-0.18969952399100487,-1.0020833333333314,-0.06492841733237306,1.1041666666666665,-143.31822814583336,-1.1773844629293961,7,1,Arizona
3.523866666666667,2020-04-06,04/06,1.3841457010495044,-0.5020833333333314,0.045264442655427534,0.10416666666666696,-146.99891814583333,0.7802765546349006,0,1,Arkansas
2.174551724137931,2020-04-06,04/06,-0.6312716750302283,-2.102083333333333,-0.050941859080305955,0.4041666666666668,46.81217185416665,-0.9251221966312326,7,0,California
2.427171875,2020-04-06,04/06,-0.6457904466837162,-1.8020833333333286,-0.06766159348925155,-0.9958333333333331,-151.10414814583334,-1.434807510445985,7,0,Colorado
2.6875,2020-04-06,04/06,-1.0174674394875816,2.397916666666667,-0.003256129259642457,0.20416666666666705,535.0961718541666,0.5056469783371872,7,0,Connecticut
3,2020-04-06,04/06,-0.4806759258807145,1.7979166666666728,0.11218492080206455,0.4041666666666668,282.88597185416666,0.6640413970921009,7,0,Delaware
3.263358208955224,2020-04-06,04/06,-0.002005235000865864,3.4979166666666686,0.05213213572927056,-0.4958333333333331,179.47217185416667,0.6331865787582238,7,1,Florida
3.468949685534591,2020-04-06,04/06,1.0330130077336142,-1.90208333333333,0.20570045118582053,-0.29583333333333295,-26.05512814583335,1.3344857766103824,7,1,Georgia
2.7596363636363637,2020-04-06,04/06,-0.273937410053075,-2.3020833333333286,-0.10203663892208255,-0.5958333333333332,-184.05125814583334,-1.2584406125465952,7,1,Idaho
3.130980392156863,2020-04-06,04/06,-0.3113082421712841,-0.5020833333333314,0.03339929291286456,0.20416666666666705,26.486171854166656,0.6563626395685608,7,1,Illinois
3.1992173913043476,2020-04-06,04/06,-0.002786459151207725,-0.8020833333333286,-0.015541380130143348,-0.29583333333333295,-19.206028145833358,0.8133884519495111,7,1,Indiana
3.220131313131313,2020-04-06,04/06,-0.08245032633408095,-0.3020833333333286,-0.07378421386875086,-0.795833333333333,-148.38995814583336,0.3708656000555155,0,1,Iowa
3.1733619047619044,2020-04-06,04/06,0.021307393321853295,-1.90208333333333,-0.05049612263627436,-0.29583333333333295,-168.89627814583335,-0.44226463980174313,7,1,Kansas
3.349683333333333,2020-04-06,04/06,0.9644981238209951,0.2979166666666728,-0.029120244818256452,0.8041666666666667,-92.03592814583334,0.9686514866385736,7,1,Kentucky
3.4015,2020-04-06,04/06,1.3060875345996494,-1.8020833333333286,0.21339256169083154,1.4041666666666672,-96.52932814583335,1.0032822803736303,7,0,Louisiana
3.1183125,2020-04-06,04/06,-1.7340922303993163,6.197916666666671,-0.09545554993634366,-0.5958333333333332,-161.26319814583334,0.6163529329322726,7,1,Maine
2.56025,2020-04-06,04/06,-0.2904447780939467,0.1979166666666714,0.18897294850817153,0.004166666666666874,413.7427718541667,-0.005071595959655931,7,1,Maryland
2.311357142857143,2020-04-06,04/06,-1.8635993464230538,0.9979166666666686,-0.03412137839153165,-0.6958333333333333,671.0525718541667,-0.2608517865759605,7,1,Massachusetts
2.231289156626506,2020-04-06,04/06,-0.23019421926020478,1.2979166666666728,0.029258081101481537,0.4041666666666668,-28.555428145833332,0.20269989825956375,7,1,Michigan
2.8087356321839083,2020-04-06,04/06,-0.545997447536084,-0.5020833333333314,-0.046963839298059355,-0.1958333333333333,-135.05664814583335,0.1315088049593076,7,0,Minnesota
3.444621951219512,2020-04-06,04/06,2.004362122964306,-1.2020833333333272,0.2678175417587845,2.204166666666667,-140.78043814583333,1.2692337944717476,7,1,Mississippi
3.3027631578947365,2020-04-06,04/06,0.4818206088233847,0.09791666666666998,0.0068737557383245496,-0.1958333333333333,-115.88549814583334,0.6780162460244927,7,1,Missouri
2.587642857142857,2020-04-06,04/06,-0.475049079019363,1.3979166666666671,-0.1044270142850916,-0.09583333333333321,-197.31622714583335,-3.1150887151210673,7,0,Montana
3.2170645161290325,2020-04-06,04/06,0.05922572806210643,-2.0020833333333314,-0.061169987823171755,-0.39583333333333304,-179.67774814583333,-0.12141286768806936,0,1,Nebraska
2.62925,2020-04-06,04/06,-0.6671416518864843,-0.5020833333333314,-0.019533016839696757,0.3041666666666667,-177.84907814583335,-1.0407857647818293,7,1,Nevada
2.9261,2020-04-06,04/06,-1.8485311187715099,4.297916666666673,-0.09360236011675506,-0.895833333333333,-54.40662814583334,0.5472938952959503,7,1,New Hampshire
1.9493333333333334,2020-04-06,04/06,-0.33933588777863233,1.3979166666666671,0.025871189663571548,0.004166666666666874,1003.2163718541667,0.21443229912091555,7,0,New Jersey
2.745181818181818,2020-04-06,04/06,0.08331607052607692,-0.90208333333333,-0.08831843803156085,1.204166666666667,-187.22523814583334,-1.6515878850400887,7,1,New Mexico
2.590161290322581,2020-04-06,04/06,-0.8471833371960289,0.2979166666666728,0.047516891228398556,0.5041666666666669,211.84677185416666,0.03141915107912771,7,0,New York
3.5376,2020-04-06,04/06,0.9023464590466644,0.1979166666666714,0.10575062850971054,0.20416666666666705,4.406471854166654,1.0527191434119996,7,0,North Carolina
2.86677358490566,2020-04-06,04/06,-0.2203038953695986,-3.3020833333333286,-0.08169130045457206,-1.0958333333333332,-193.57206814583336,-1.049209132943782,0,1,North Dakota
3.069556818181818,2020-04-06,04/06,0.19357940940348278,0.8979166666666671,0.014671322118792546,0.704166666666667,80.44227185416668,0.7196511725057753,7,1,Ohio
3.4357272727272727,2020-04-06,04/06,1.194560740975039,-2.0020833333333314,-0.03537767862282966,-0.09583333333333321,-147.35462814583335,0.712736407728777,0,1,Oklahoma
2.476805555555556,2020-04-06,04/06,-0.7418031888617229,0.7979166666666728,-0.08981467951276635,0.20416666666666705,-161.94793814583335,-1.820756037234206,7,0,Oregon
2.7585671641791047,2020-04-06,04/06,-0.27777692281027416,2.297916666666673,0.0024019270273305526,1.0041666666666669,81.40607185416667,0.32961278904401614,7,0,Pennsylvania
2.6572,2020-04-06,04/06,-0.5599248783461367,1.4979166666666686,-0.04332801950983796,0.004166666666666874,817.4963718541667,0.11049213302258122,7,0,Rhode Island
3.5777391304347823,2020-04-06,04/06,1.3356283527739945,0.7979166666666728,0.16138275605556057,-1.1958333333333333,-39.62682814583334,1.1852436352815994,6,1,South Carolina
3.0017878787878787,2020-04-06,04/06,0.22239540858383963,-1.6020833333333329,-0.09008036729279706,-0.29583333333333295,-193.07289814583334,-0.9959996404273521,0,1,South Dakota
3.4771684210526317,2020-04-06,04/06,1.7517094379085678,0.2979166666666728,0.05914440893189454,-0.1958333333333333,-43.18332814583334,1.0963229813148072,7,1,Tennessee
3.2828897637795276,2020-04-06,04/06,0.8225565195724774,-4.002083333333331,0.011829897619283547,0.004166666666666874,-97.73902814583334,0.24969339308554084,7,1,Texas
2.8600689655172413,2020-04-06,04/06,0.4513688474961512,-7.702083333333331,-0.09709554918488995,-1.1958333333333333,-167.42369814583333,-1.0494693562578887,0,1,Utah
2.5403571428571428,2020-04-06,04/06,-1.9584882248646782,4.497916666666669,-0.09597826105221896,-1.1958333333333333,-136.67304814583335,0.5137427889215315,7,1,Vermont
3.1536842105263156,2020-04-06,04/06,0.583838314035802,-0.3020833333333286,0.08287178917118954,-0.895833333333333,8.630771854166653,0.13466928318463467,7,0,Virginia
2.3064102564102567,2020-04-06,04/06,-0.7915013820685638,-0.8020833333333286,-0.07187653008488235,0.8041666666666667,-94.70682814583334,-1.391436614034353,7,0,Washington
3.073272727272727,2020-04-06,04/06,1.0468704858158093,3.9979166666666686,-0.07238928841774506,1.5041666666666669,-128.39371814583336,0.43661360828074286,7,1,West Virginia
2.8553333333333333,2020-04-06,04/06,-0.8097128570925235,0.8979166666666671,-0.04505726463907206,-0.09583333333333321,-97.79482814583335,0.32250455959247437,7,1,Wisconsin
2.9789565217391307,2020-04-06,04/06,-0.10461883867823743,-1.1020833333333329,-0.09934995212321113,0.20416666666666705,-198.48079814583335,-1.7618217109948084,0,1,Wyoming
3.2093880597014923,2020-04-13,04/13,2.1004617017268004,0.49791666666666856,0.15696013274534054,-0.795833333333333,-108.42213814583334,1.2181063661913718,7,1,Alabama
1.3948666666666665,2020-04-13,04/13,-0.18969952399100487,-1.0020833333333314,-0.06492841733237306,1.1041666666666665,-143.31822814583336,-1.1773844629293961,7,1,Arizona
3.2604,2020-04-13,04/13,1.3841457010495044,-0.5020833333333314,0.045264442655427534,0.10416666666666696,-146.99891814583333,0.7802765546349006,0,1,Arkansas
0.8726724137931035,2020-04-13,04/13,-0.6312716750302283,-2.102083333333333,-0.050941859080305955,0.4041666666666668,46.81217185416665,-0.9251221966312326,7,0,California
1.488671875,2020-04-13,04/13,-0.6457904466837162,-1.8020833333333286,-0.06766159348925155,-0.9958333333333331,-151.10414814583334,-1.434807510445985,7,0,Colorado
1.677125,2020-04-13,04/13,-1.0174674394875816,2.397916666666667,-0.003256129259642457,0.20416666666666705,535.0961718541666,0.5056469783371872,7,0,Connecticut
2.0516666666666667,2020-04-13,04/13,-0.4806759258807145,1.7979166666666728,0.11218492080206455,0.4041666666666668,282.88597185416666,0.6640413970921009,7,0,Delaware
3.0879999999999996,2020-04-13,04/13,-0.002005235000865864,3.4979166666666686,0.05213213572927056,-0.4958333333333331,179.47217185416667,0.6331865787582238,7,1,Florida
3.1942830188679245,2020-04-13,04/13,1.0330130077336142,-1.90208333333333,0.20570045118582053,-0.29583333333333295,-26.05512814583335,1.3344857766103824,7,1,Georgia
2.091022727272727,2020-04-13,04/13,-0.273937410053075,-2.3020833333333286,-0.10203663892208255,-0.5958333333333332,-184.05125814583334,-1.2584406125465952,7,1,Idaho
2.544343137254902,2020-04-13,04/13,-0.3113082421712841,-0.5020833333333314,0.03339929291286456,0.20416666666666705,26.486171854166656,0.6563626395685608,7,1,Illinois
2.6959782608695653,2020-04-13,04/13,-0.002786459151207725,-0.8020833333333286,-0.015541380130143348,-0.29583333333333295,-19.206028145833358,0.8133884519495111,7,1,Indiana
2.6170000000000004,2020-04-13,04/13,-0.08245032633408095,-0.3020833333333286,-0.07378421386875086,-0.795833333333333,-148.38995814583336,0.3708656000555155,0,1,Iowa
2.753047619047619,2020-04-13,04/13,0.021307393321853295,-1.90208333333333,-0.05049612263627436,-0.29583333333333295,-168.89627814583335,-0.44226463980174313,7,1,Kansas
2.6324666666666667,2020-04-13,04/13,0.9644981238209951,0.2979166666666728,-0.029120244818256452,0.8041666666666667,-92.03592814583334,0.9686514866385736,7,1,Kentucky
2.989671875,2020-04-13,04/13,1.3060875345996494,-1.8020833333333286,0.21339256169083154,1.4041666666666672,-96.52932814583335,1.0032822803736303,7,0,Louisiana
2.9266875,2020-04-13,04/13,-1.7340922303993163,6.197916666666671,-0.09545554993634366,-0.5958333333333332,-161.26319814583334,0.6163529329322726,7,1,Maine
1.925,2020-04-13,04/13,-0.2904447780939467,0.1979166666666714,0.18897294850817153,0.004166666666666874,413.7427718541667,-0.005071595959655931,7,1,Maryland
1.3439285714285716,2020-04-13,04/13,-1.8635993464230538,0.9979166666666686,-0.03412137839153165,-0.6958333333333333,671.0525718541667,-0.2608517865759605,7,1,Massachusetts
1.6579277108433736,2020-04-13,04/13,-0.23019421926020478,1.2979166666666728,0.029258081101481537,0.4041666666666668,-28.555428145833332,0.20269989825956375,7,1,Michigan
2.13132183908046,2020-04-13,04/13,-0.545997447536084,-0.5020833333333314,-0.046963839298059355,-0.1958333333333333,-135.05664814583335,0.1315088049593076,7,0,Minnesota
3.119048780487805,2020-04-13,04/13,2.004362122964306,-1.2020833333333272,0.2678175417587845,2.204166666666667,-140.78043814583333,1.2692337944717476,7,1,Mississippi
2.88259649122807,2020-04-13,04/13,0.4818206088233847,0.09791666666666998,0.0068737557383245496,-0.1958333333333333,-115.88549814583334,0.6780162460244927,7,1,Missouri
1.76725,2020-04-13,04/13,-0.475049079019363,1.3979166666666671,-0.1044270142850916,-0.09583333333333321,-197.31622714583335,-3.1150887151210673,7,0,Montana
2.640096774193548,2020-04-13,04/13,0.05922572806210643,-2.0020833333333314,-0.061169987823171755,-0.39583333333333304,-179.67774814583333,-0.12141286768806936,0,1,Nebraska
1.461625,2020-04-13,04/13,-0.6671416518864843,-0.5020833333333314,-0.019533016839696757,0.3041666666666667,-177.84907814583335,-1.0407857647818293,7,1,Nevada
2.2857,2020-04-13,04/13,-1.8485311187715099,4.297916666666673,-0.09360236011675506,-0.895833333333333,-54.40662814583334,0.5472938952959503,7,1,New Hampshire
1.2010476190476191,2020-04-13,04/13,-0.33933588777863233,1.3979166666666671,0.025871189663571548,0.004166666666666874,1003.2163718541667,0.21443229912091555,7,0,New Jersey
2.01669696969697,2020-04-13,04/13,0.08331607052607692,-0.90208333333333,-0.08831843803156085,1.204166666666667,-187.22523814583334,-1.6515878850400887,7,1,New Mexico
1.8876612903225807,2020-04-13,04/13,-0.8471833371960289,0.2979166666666728,0.047516891228398556,0.5041666666666669,211.84677185416666,0.03141915107912771,7,0,New York
2.8056099999999997,2020-04-13,04/13,0.9023464590466644,0.1979166666666714,0.10575062850971054,0.20416666666666705,4.406471854166654,1.0527191434119996,7,0,North Carolina
2.3221698113207547,2020-04-13,04/13,-0.2203038953695986,-3.3020833333333286,-0.08169130045457206,-1.0958333333333332,-193.57206814583336,-1.049209132943782,0,1,North Dakota
2.414215909090909,2020-04-13,04/13,0.19357940940348278,0.8979166666666671,0.014671322118792546,0.704166666666667,80.44227185416668,0.7196511725057753,7,1,Ohio
3.063064935064935,2020-04-13,04/13,1.194560740975039,-2.0020833333333314,-0.03537767862282966,-0.09583333333333321,-147.35462814583335,0.712736407728777,0,1,Oklahoma
1.2259166666666668,2020-04-13,04/13,-0.7418031888617229,0.7979166666666728,-0.08981467951276635,0.20416666666666705,-161.94793814583335,-1.820756037234206,7,0,Oregon
1.9934776119402984,2020-04-13,04/13,-0.27777692281027416,2.297916666666673,0.0024019270273305526,1.0041666666666669,81.40607185416667,0.32961278904401614,7,0,Pennsylvania
1.7146000000000001,2020-04-13,04/13,-0.5599248783461367,1.4979166666666686,-0.04332801950983796,0.004166666666666874,817.4963718541667,0.11049213302258122,7,0,Rhode Island
3.079630434782609,2020-04-13,04/13,1.3356283527739945,0.7979166666666728,0.16138275605556057,-1.1958333333333333,-39.62682814583334,1.1852436352815994,7,1,South Carolina
2.24680303030303,2020-04-13,04/13,0.22239540858383963,-1.6020833333333329,-0.09008036729279706,-0.29583333333333295,-193.07289814583334,-0.9959996404273521,0,1,South Dakota
3.0727157894736843,2020-04-13,04/13,1.7517094379085678,0.2979166666666728,0.05914440893189454,-0.1958333333333333,-43.18332814583334,1.0963229813148072,7,1,Tennessee
2.985066929133858,2020-04-13,04/13,0.8225565195724774,-4.002083333333331,0.011829897619283547,0.004166666666666874,-97.73902814583334,0.24969339308554084,7,1,Texas
2.07351724137931,2020-04-13,04/13,0.4513688474961512,-7.702083333333331,-0.09709554918488995,-1.1958333333333333,-167.42369814583333,-1.0494693562578887,0,1,Utah
1.9895714285714285,2020-04-13,04/13,-1.9584882248646782,4.497916666666669,-0.09597826105221896,-1.1958333333333333,-136.67304814583335,0.5137427889215315,7,1,Vermont
2.399015037593985,2020-04-13,04/13,0.583838314035802,-0.3020833333333286,0.08287178917118954,-0.895833333333333,8.630771854166653,0.13466928318463467,7,0,Virginia
1.0323076923076921,2020-04-13,04/13,-0.7915013820685638,-0.8020833333333286,-0.07187653008488235,0.8041666666666667,-94.70682814583334,-1.391436614034353,7,0,Washington
2.411618181818182,2020-04-13,04/13,1.0468704858158093,3.9979166666666686,-0.07238928841774506,1.5041666666666669,-128.39371814583336,0.43661360828074286,7,1,West Virginia
1.8269722222222222,2020-04-13,04/13,-0.8097128570925235,0.8979166666666671,-0.04505726463907206,-0.09583333333333321,-97.79482814583335,0.32250455959247437,7,1,Wisconsin
2.3880434782608693,2020-04-13,04/13,-0.10461883867823743,-1.1020833333333329,-0.09934995212321113,0.20416666666666705,-198.48079814583335,-1.7618217109948084,0,1,Wyoming
